usuario,senha
molly.peterson@example.com,Pass@word1
masonanderson13@example.com,Pass@word1
dylancook89@example.com,Pass@word1
elijahallen23@example.com,Pass@word1
liammartinez7@example.com,Pass@word1
brendan.evans@example.com,Pass@word1
ethanjackson15@example.com,Pass@word1
hazeldiaz86@example.com,Pass@word1
graceross96@example.com,Pass@word1
yvonne.turner@example.com,Pass@word1
sophiadavis6@example.com,Pass@word1
alexanderwright25@example.com,Pass@word1
lucasmoore11@example.com,Pass@word1
arianaperez34@example.com,Pass@word1
nataliehughes62@example.com,Pass@word1
danny.clark@example.com,Pass@word1
tara.cooper@example.com,Pass@word1
peter.nelson@example.com,Pass@word1
masonturner95@example.com,Pass@word1
alicia.long@example.com,Pass@word1
auroramorris44@example.com,Pass@word1
ellabryant84@example.com,Pass@word1
fred.ward@example.com,Pass@word1
lilymorris100@example.com,Pass@word1
savannahperry70@example.com,Pass@word1
connorbutler77@example.com,Pass@word1
alexjohnson3@example.com,Pass@word1
michaeljones5@example.com,Pass@word1
kyle.johnson@example.com,Pass@word1
leviprice63@example.com,Pass@word1
clairecoleman68@example.com,Pass@word1
freddie.rodriguez@example.com,Pass@word1
sophiawashington76@example.com,Pass@word1
benjaminwalker21@example.com,Pass@word1
ryanlee85@example.com,Pass@word1
loganhenderson67@example.com,Pass@word1
hank.torres@example.com,Pass@word1
isaacbarnes65@example.com,Pass@word1
audreyhughes74@example.com,Pass@word1
timothy.lee@example.com,Pass@word1
quincy.barnes@example.com,Pass@word1
xavier.bell@example.com,Pass@word1
kate.robinson@example.com,Pass@word1
jason.gonzalez@example.com,Pass@word1
demouser@microsoft.com,Pass@word1
gina.bell@example.com,Pass@word1
isabel.ramirez@example.com,Pass@word1
paula.morris@example.com,Pass@word1
zoebailey82@example.com,Pass@word1
lucas.barnes@example.com,Pass@word1
quinn.butler@example.com,Pass@word1
andrewsanchez43@example.com,Pass@word1
xavierperez99@example.com,Pass@word1
xander.gonzalez@example.com,Pass@word1
molly.stewart@example.com,Pass@word1
tina.cook@example.com,Pass@word1
steven.ross@example.com,Pass@word1
camilaturner36@example.com,Pass@word1
wyattramirez59@example.com,Pass@word1
katie.evans@example.com,Pass@word1
gina.rogers@example.com,Pass@word1
victoria.bailey@example.com,Pass@word1
olivia.stewart@example.com,Pass@word1
jacobbrooks61@example.com,Pass@word1
lilygonzalez30@example.com,Pass@word1
ivan.wilson@example.com,Pass@word1
ulysses.powell@example.com,Pass@word1
emma.hall@example.com,Pass@word1
rachel.ross@example.com,Pass@word1
tara.kelly@example.com,Pass@word1
calebrichardson87@example.com,Pass@word1
umberto.diaz@example.com,Pass@word1
jaydenjenkins69@example.com,Pass@word1
landonbell91@example.com,Pass@word1
george.thomas@example.com,Pass@word1
louis.cox@example.com,Pass@word1
laylaparker38@example.com,Pass@word1
admin@microsoft.com,Pass@word1
olivia.rodriguez@example.com,Pass@word1
addisonhoward54@example.com,Pass@word1
quinn.bailey@example.com,Pass@word1
paisleyross66@example.com,Pass@word1
adrianfoster79@example.com,Pass@word1
gabrielrogers45@example.com,Pass@word1
zoecarter32@example.com,Pass@word1
zoeygray58@example.com,Pass@word1
penelopemorgan48@example.com,Pass@word1
jake.sanders@example.com,Pass@word1
ursula.wright@example.com,Pass@word1
oliviagarcia8@example.com,Pass@word1
graceadams28@example.com,Pass@word1
kylie.hill@example.com,Pass@word1
laylaward80@example.com,Pass@word1
violetstewart42@example.com,Pass@word1
franklin.powell@example.com,Pass@word1
rachel.collins@example.com,Pass@word1
madisonsanders94@example.com,Pass@word1
nathankelly83@example.com,Pass@word1
carterpowell71@example.com,Pass@word1
zackary.phillips@example.com,Pass@word1
zachary.evans@example.com,Pass@word1
graysoncox53@example.com,Pass@word1
lilysimmons78@example.com,Pass@word1
cindy.anderson@example.com,Pass@word2
brian.parker@example.com,Pass@word3
peter.hall@example.com,Pass@word4
victor.robinson@example.com,Pass@word5
samuel.lee@example.com,Pass@word6
hannahreed46@example.com,Pass@word7
isabellataylor12@example.com,Pass@word8
amber.richardson@example.com,Pass@word9
yvonne.kelly@example.com,Pass@word10
vivian.bailey@example.com,Pass@word11
mitchell.rodriguez@example.com,Pass@word12
amanda.richardson@example.com,Pass@word13
emma.ramirez@example.com,Pass@word14
jacksonbell49@example.com,Pass@word15
scarlettparker92@example.com,Pass@word16
ashley.wilson@example.com,Pass@word17
chloe.edwards40@example.com,Pass@word18
lucascollins41@example.com,Pass@word19
natalie.rogers@example.com,Pass@word20
loganharris17@example.com,Pass@word21
josephphillips37@example.com,Pass@word22
dustin.jenkins@example.com,Pass@word23
williamgreen27@example.com,Pass@word24
matthewevans39@example.com,Pass@word25
harperwhite16@example.com,Pass@word26
leo.morgan@example.com,Pass@word27
jared.bailey@example.com,Pass@word28
avarodriguez10@example.com,Pass@word29
emmabrown4@example.com,Pass@word30
gabriella.cook@example.com,Pass@word31
jameslewis19@example.com,Pass@word32
quincy.anderson@example.com,Pass@word33
danielmitchell33@example.com,Pass@word34
leahtorres56@example.com,Pass@word35
vivian.bryant@example.com,Pass@word36
brandon.campbell@example.com,Pass@word37
ameliaclarc18@example.com,Pass@word38
johndoe1@example.com,Pass@word39
zackery.perry@example.com,Pass@word40
leophillips97@example.com,Pass@word41
clara.johnson@example.com,Pass@word42
robert.coleman@example.com,Pass@word43
averycollins90@example.com,Pass@word44
nick.carter@example.com,Pass@word45
sebastiannelson31@example.com,Pass@word46
xander.johnson@example.com,Pass@word47
samantha.bryant@example.com,Pass@word48
irene.wright@example.com,Pass@word49
maria.hughes@example.com,Pass@word50
henrycook47@example.com,Pass@word51
ariaroberts98@example.com,Pass@word52
samuel.rogers@example.com,Pass@word53
scarlettscott26@example.com,Pass@word54
jacksonbaker29@example.com,Pass@word55
owen.cooper@example.com,Pass@word56
rachel.murphy@example.com,Pass@word57
pamela.wright@example.com,Pass@word58
julianmurphy81@example.com,Pass@word59
cassie.martin@example.com,Pass@word60
brandon.jones@example.com,Pass@word61
wanda.turner@example.com,Pass@word62
yvonne.price@example.com,Pass@word63
milabutler64@example.com,Pass@word64
claire.cox@example.com,Pass@word65
xavier.richardson@example.com,Pass@word66
laura.hall@example.com,Pass@word67
freddie.patterson@example.com,Pass@word68
stellajames60@example.com,Pass@word69
harry.morris@example.com,Pass@word70
jill.campbell@example.com,Pass@word71
aaronflores75@example.com,Pass@word72
yolanda.butler@example.com,Pass@word73
lukecooper51@example.com,Pass@word74
zezinho@microsoft.com,Pass@word75
owenpeterson57@example.com,Pass@word76
evelynyoung22@example.com,Pass@word77
nicholas.long@example.com,Pass@word78
dustin.diaz@example.com,Pass@word79
janesmith2@example.com,Pass@word80
hunterevans93@example.com,Pass@word81
lucycampbell88@example.com,Pass@word82
miathomas14@example.com,Pass@word83
wade.coleman@example.com,Pass@word84
wesley.kelly@example.com,Pass@word85
emily.murphy@example.com,Pass@word86
derek.hall@example.com,Pass@word87
isabel.white@example.com,Pass@word88
noahmartin9@example.com,Pass@word89
olivia.roberts@example.com,Pass@word90
zachary.hill@example.com,Pass@word91
abigailrobinson20@example.com,Pass@word92
davidroberts35@example.com,Pass@word93
norabailey50@example.com,Pass@word94
ursula.kelly@example.com,Pass@word95
henry.cooper@example.com,Pass@word96
emma.bell@example.com,Pass@word97
hannah.murphy@example.com,Pass@word98
nathan.lee@example.com,Pass@word99
ariarichardson52@example.com,Pass@word100
victorialong72@example.com,Pass@word101
ellaking24@example.com,Pass@word102
samuelward55@example.com,Pass@word103
wendy.flores@example.com,Pass@word104
dominicpatterson73@example.com,Pass@word105